epoch,time,train/box_loss,train/cls_loss,train/dfl_loss,metrics/precision(B),metrics/recall(B),metrics/mAP50(B),metrics/mAP50-95(B),val/box_loss,val/cls_loss,val/dfl_loss,lr/pg0,lr/pg1,lr/pg2
1,71.0071,1.53031,4.27284,1.4459,0.07459,0.22321,0.07147,0.05304,1.24519,3.55364,1.22418,6e-05,6e-05,6e-05
2,74.2215,1.20062,3.11784,1.22712,0.5616,0.36567,0.38194,0.26857,1.02053,2.52592,1.09229,0.000127855,0.000127855,0.000127855
3,83.2005,1.06682,1.91448,1.14634,0.64827,0.62457,0.747,0.57615,0.92819,1.91314,1.00956,0.0001934,0.0001934,0.0001934
4,87.821,1.04115,1.53394,1.11734,0.64205,0.75283,0.80082,0.59652,0.92651,1.55558,1.01406,0.000256635,0.000256635,0.000256635
5,94.0944,1.00711,1.28254,1.09275,0.70392,0.83818,0.8207,0.62647,0.91239,1.35565,0.98498,0.00031756,0.00031756,0.00031756
6,99.3442,1.02312,1.32529,1.14076,0.73285,0.81667,0.81244,0.57671,1.11812,1.3915,1.1242,0.000376175,0.000376175,0.000376175
7,103.974,1.02235,1.1233,1.16232,0.79279,0.77099,0.79675,0.60207,0.95448,1.05164,1.02733,0.00043248,0.00043248,0.00043248
8,108.811,0.97737,1.00983,1.13049,0.76194,0.87476,0.80017,0.59284,1.06029,1.07202,1.14741,0.000486475,0.000486475,0.000486475
9,113.418,0.98527,0.93385,1.13437,0.69753,0.82222,0.81344,0.59233,1.00159,1.03668,1.12923,0.00053816,0.00053816,0.00053816
10,119.076,0.96461,0.93106,1.11644,0.72598,0.80354,0.79683,0.58746,0.99934,1.1799,1.14345,0.000587535,0.000587535,0.000587535
11,123.535,0.96592,0.86988,1.1166,0.74529,0.69277,0.78813,0.58092,1.06206,1.14511,1.23897,0.0006346,0.0006346,0.0006346
12,127.795,0.94926,0.84451,1.09995,0.85389,0.7588,0.82731,0.58378,1.1523,1.05628,1.28073,0.000679355,0.000679355,0.000679355
13,133.102,0.98238,0.83573,1.12361,0.75449,0.82892,0.83747,0.60008,1.14129,0.98326,1.30002,0.0007218,0.0007218,0.0007218
14,137.743,0.93098,0.75511,1.09696,0.75038,0.87403,0.83982,0.61477,1.08318,1.11576,1.21555,0.000761935,0.000761935,0.000761935
15,141.81,0.95085,0.74043,1.09789,0.82753,0.75841,0.7899,0.58452,1.04984,1.10263,1.13503,0.000769,0.000769,0.000769
16,147.168,0.92024,0.68698,1.0683,0.79776,0.74675,0.79022,0.58029,1.00261,1.10425,1.11418,0.0007525,0.0007525,0.0007525
17,151.492,0.92669,0.74383,1.06976,0.76507,0.62158,0.70904,0.50187,1.08628,1.37734,1.15845,0.000736,0.000736,0.000736
18,155.978,0.90282,0.66204,1.07749,0.82102,0.67497,0.73319,0.53186,1.00662,1.16361,1.14878,0.0007195,0.0007195,0.0007195
19,161.364,0.92281,0.6739,1.07389,0.75228,0.74975,0.81791,0.5931,0.99123,1.05922,1.14391,0.000703,0.000703,0.000703
20,165.453,0.88024,0.63099,1.07018,0.70219,0.78723,0.78109,0.58922,0.95909,1.00171,1.14652,0.0006865,0.0006865,0.0006865
21,170.14,0.90948,0.68885,1.0931,0.72568,0.72384,0.78431,0.58633,1.02111,1.0535,1.16384,0.00067,0.00067,0.00067
22,175.378,0.86648,0.62209,1.07415,0.67463,0.7932,0.77245,0.5775,0.98868,1.08286,1.12729,0.0006535,0.0006535,0.0006535
23,180.085,0.86151,0.60263,1.06992,0.71018,0.85427,0.77813,0.58266,0.98493,0.87767,1.13137,0.000637,0.000637,0.000637
24,185.308,0.87338,0.6594,1.06822,0.75252,0.80152,0.83758,0.64304,0.96894,0.81621,1.12218,0.0006205,0.0006205,0.0006205
25,190.178,0.89975,0.61638,1.08043,0.71052,0.85519,0.86062,0.67324,0.961,0.79018,1.11533,0.000604,0.000604,0.000604
26,194.542,0.83904,0.59964,1.04489,0.83468,0.81296,0.83403,0.64536,0.97029,0.80335,1.08735,0.0005875,0.0005875,0.0005875
27,199.904,0.87855,0.62013,1.07581,0.82088,0.82065,0.8382,0.653,0.99941,0.80946,1.15595,0.000571,0.000571,0.000571
28,204.335,0.85092,0.5889,1.03503,0.76776,0.80374,0.81817,0.639,1.0046,0.81084,1.13821,0.0005545,0.0005545,0.0005545
29,208.246,0.81836,0.61536,1.02736,0.81325,0.80229,0.80428,0.61899,1.03224,0.79828,1.14498,0.000538,0.000538,0.000538
30,213.759,0.84432,0.63506,1.06483,0.77356,0.81296,0.83222,0.63829,1.04487,0.74891,1.19262,0.0005215,0.0005215,0.0005215
31,217.798,0.77598,0.51382,1.01021,0.73192,0.83364,0.83449,0.61845,1.04052,0.82183,1.17125,0.000505,0.000505,0.000505
32,222.483,0.78997,0.53642,1.02937,0.84028,0.84423,0.85339,0.62136,1.03735,0.8239,1.16354,0.0004885,0.0004885,0.0004885
33,227.631,0.79912,0.5404,1.03273,0.8526,0.8236,0.83167,0.63754,0.98597,0.82878,1.14029,0.000472,0.000472,0.000472
34,232.075,0.7933,0.54008,1.03616,0.83501,0.82201,0.83232,0.62375,0.98465,0.81322,1.13647,0.0004555,0.0004555,0.0004555
35,236.674,0.78968,0.54598,1.03287,0.80633,0.85717,0.84848,0.63128,0.97735,0.79406,1.1397,0.000439,0.000439,0.000439
36,241.422,0.76572,0.49576,1.00449,0.78645,0.85645,0.84074,0.63979,0.94688,0.84109,1.10223,0.0004225,0.0004225,0.0004225
37,245.689,0.75654,0.56564,1.03246,0.78382,0.86274,0.83773,0.6393,0.93184,0.90165,1.0872,0.000406,0.000406,0.000406
38,250.995,0.72404,0.46969,0.99367,0.80987,0.83571,0.83744,0.66385,0.93979,0.8487,1.114,0.0003895,0.0003895,0.0003895
39,255.63,0.79083,0.5228,1.05241,0.79818,0.84012,0.85567,0.6626,0.95755,0.77589,1.13489,0.000373,0.000373,0.000373
40,260.37,0.76293,0.49307,0.99535,0.79351,0.85944,0.84956,0.63123,1.01756,0.86866,1.17452,0.0003565,0.0003565,0.0003565
41,265.694,0.73275,0.4648,1.0004,0.8423,0.79461,0.85788,0.63719,0.98827,0.87123,1.15056,0.00034,0.00034,0.00034
42,270.143,0.71321,0.45355,0.99285,0.84044,0.80718,0.86209,0.64158,1.02062,0.89208,1.15309,0.0003235,0.0003235,0.0003235
43,274.559,0.71597,0.46603,0.97894,0.8184,0.83709,0.86067,0.64589,1.04375,0.84826,1.1775,0.000307,0.000307,0.000307
44,279.981,0.7573,0.50413,1.02363,0.85567,0.82542,0.85668,0.65518,1.03511,0.75346,1.17474,0.0002905,0.0002905,0.0002905
45,284.029,0.69007,0.48563,0.99877,0.85886,0.83776,0.8536,0.63685,1.01058,0.74408,1.16099,0.000274,0.000274,0.000274
46,288.306,0.7401,0.44787,0.99481,0.82623,0.81526,0.83611,0.60186,1.0273,0.88295,1.17555,0.0002575,0.0002575,0.0002575
47,293.745,0.67562,0.4218,0.9797,0.82179,0.7937,0.83071,0.60905,1.01289,0.98789,1.15115,0.000241,0.000241,0.000241
48,298.085,0.71277,0.45451,0.99651,0.82796,0.79372,0.82574,0.61439,0.98807,0.94959,1.12703,0.0002245,0.0002245,0.0002245
49,302.306,0.65316,0.45388,0.96475,0.8269,0.79384,0.82052,0.6162,0.94855,0.92395,1.10607,0.000208,0.000208,0.000208
50,307.802,0.71012,0.44526,0.98493,0.79659,0.83233,0.85247,0.65077,0.93255,0.838,1.09667,0.0001915,0.0001915,0.0001915
51,336.942,0.5827,0.4091,0.92425,0.81273,0.8584,0.8409,0.64949,0.89741,0.78852,1.08355,0.000175,0.000175,0.000175
52,350.271,0.59046,0.36344,0.92165,0.80866,0.85694,0.85446,0.66815,0.88311,0.76066,1.07516,0.0001585,0.0001585,0.0001585
53,360.095,0.56843,0.34487,0.90222,0.81672,0.84423,0.86133,0.66846,0.89453,0.77678,1.07678,0.000142,0.000142,0.000142
54,366.102,0.56609,0.35547,0.91492,0.8449,0.82452,0.85494,0.66065,0.93006,0.82474,1.09051,0.0001255,0.0001255,0.0001255
55,372.09,0.53346,0.3185,0.90674,0.87419,0.81296,0.8396,0.64242,0.9441,0.85156,1.09413,0.000109,0.000109,0.000109
56,377.158,0.56208,0.36171,0.90713,0.86602,0.81296,0.8285,0.62307,0.95843,0.87776,1.1029,9.25e-05,9.25e-05,9.25e-05
57,380.967,0.56971,0.33441,0.91474,0.86116,0.81296,0.81973,0.61183,0.96306,0.89526,1.10642,7.6e-05,7.6e-05,7.6e-05
58,386.368,0.56088,0.35362,0.91309,0.84795,0.81296,0.81403,0.61439,0.96624,0.90354,1.11091,5.95e-05,5.95e-05,5.95e-05
59,390.84,0.53123,0.3214,0.90888,0.84434,0.81296,0.81403,0.61578,0.96592,0.90292,1.11401,4.3e-05,4.3e-05,4.3e-05
60,395.424,0.57376,0.34898,0.90784,0.84383,0.81296,0.81458,0.61654,0.95837,0.89987,1.11143,2.65e-05,2.65e-05,2.65e-05
